{"count":1,"self":123.702272,"total":476.24155809999996,"children":{"InitializeActuators":{"count":15,"self":0.0015111,"total":0.0015111,"children":null},"InitializeSensors":{"count":15,"self":0.001509,"total":0.001509,"children":null},"AgentSendState":{"count":155451,"self":0.6583988,"total":10.088782499999999,"children":{"CollectObservations":{"count":466365,"self":7.2521119999999994,"total":7.2521116999999995,"children":null},"WriteActionMask":{"count":466365,"self":0.1051993,"total":0.1051993,"children":null},"RequestDecision":{"count":466365,"self":0.52437689999999992,"total":2.0730727,"children":{"AgentInfo.ToProto":{"count":466365,"self":0.4056151,"total":1.5486958,"children":{"GenerateSensorData":{"count":466365,"self":1.1430806999999998,"total":1.1430806999999998,"children":null}}}}}}},"DecideAction":{"count":155451,"self":339.63077119999997,"total":339.6307723,"children":null},"AgentAct":{"count":155451,"self":2.7925063999999997,"total":2.8029059,"children":{"AgentInfo.ToProto":{"count":616,"self":0.0030196,"total":0.0103994,"children":{"GenerateSensorData":{"count":616,"self":0.0073798,"total":0.0073798,"children":null}}}}},"AgentInfo.ToProto":{"count":734,"self":0.0061817999999999994,"total":0.0137991,"children":{"GenerateSensorData":{"count":734,"self":0.0076173,"total":0.0076173,"children":null}}}},"gauges":{"RobotAgent.CumulativeReward":{"count":1350,"max":43.87165,"min":-30.9209633,"runningAverage":7.603346,"value":21.2666168,"weightedAverage":7.855613}},"metadata":{"timer_format_version":"0.1.0","start_time_seconds":"1709029822","unity_version":"2022.3.16f1","command_line_arguments":"C:\\Program Files\\Unity\\Hub\\Editor\\2022.3.16f1\\Editor\\Unity.exe -projectpath C:\\Users\\lavni\\Data\\Unity Projects\\reinforcement -useHub -hubIPC -cloudEnvironment production -licensingIpc LicenseClient-lavni -hubSessionId eb9e72c4-55ff-4f28-8359-3684662080fb -accessToken FRAcZOePJmw9uj9UmQ4G3A4978uuCvsGgVbrYYE-gVs00cf","communication_protocol_version":"1.5.0","com.unity.ml-agents_version":"2.0.1","scene_name":"RobotMultiple","end_time_seconds":"1709030298"}}