{"count":1,"self":54.310521599999994,"total":315.0444806,"children":{"InitializeActuators":{"count":40,"self":0.0010027999999999999,"total":0.0010027999999999999,"children":null},"InitializeSensors":{"count":40,"self":0.00099969999999999985,"total":0.00099969999999999985,"children":null},"AgentSendState":{"count":62651,"self":0.5812311,"total":2.9435883,"children":{"CollectObservations":{"count":501240,"self":0.51028489999999993,"total":0.51028489999999993,"children":null},"WriteActionMask":{"count":501240,"self":0.0814355,"total":0.0814355,"children":null},"RequestDecision":{"count":501240,"self":0.476672,"total":1.7706368,"children":{"AgentInfo.ToProto":{"count":501240,"self":0.3835647,"total":1.2939648,"children":{"GenerateSensorData":{"count":501240,"self":0.91040009999999993,"total":0.91040009999999993,"children":null}}}}}}},"DecideAction":{"count":62651,"self":254.95147519999998,"total":254.95146609999998,"children":null},"AgentAct":{"count":62651,"self":2.6381364,"total":2.6381364,"children":null},"AgentInfo.ToProto":{"count":15547,"self":0.0720576,"total":0.1987685,"children":{"GenerateSensorData":{"count":15547,"self":0.1267109,"total":0.1267109,"children":null}}}},"gauges":{"GoalAgent.CumulativeReward":{"count":15547,"max":85,"min":-10,"runningAverage":-3.90622687,"value":-5,"weightedAverage":-4.54249144}},"metadata":{"timer_format_version":"0.1.0","start_time_seconds":"1707316811","unity_version":"2022.3.16f1","command_line_arguments":"C:\\Program Files\\Unity\\Hub\\Editor\\2022.3.16f1\\Editor\\Unity.exe -projectpath C:\\Users\\lavni\\Data\\Unity Projects\\reinforcement -useHub -hubIPC -cloudEnvironment production -licensingIpc LicenseClient-lavni -hubSessionId 02480d3b-b7d7-4423-8425-f5177770602f -accessToken O3ykPgNIZn3yC_NPSjdwgyE_FJIezXUaKIBwnePCbPU00cf","communication_protocol_version":"1.5.0","com.unity.ml-agents_version":"2.0.1","scene_name":"SampleScene","end_time_seconds":"1707317126"}}